<?xml version="1.0" encoding="UTF-8"?>
<configuration packagingData="true">
    <!-- DOC: https://logback.qos.ch/manual/configuration.html -->
    <contextName>@pasrau.log.fileprefix@</contextName>

    <property name="LOG_DIR" value="@pasrau.log.dir@" />
    <property name="LOG_FILEPREFIX" value="@pasrau.log.fileprefix@" />

    <!--     <include resource="org/springframework/boot/logging/logback/base.xml"/> -->

    <appender name="STD_OUT" class="ch.qos.logback.core.ConsoleAppender">
        <filter class="ch.qos.logback.classic.filter.ThresholdFilter">
            <level>@pasrau.log.level.stdout@</level>
        </filter>
        <encoder>
            <pattern>%-5level|%d{HH:mm:ss.SSS}|%contextName|%-15thread|%logger{50}|%msg%n</pattern>
        </encoder>
    </appender>

    <appender name="APP_FILE" class="ch.qos.logback.core.rolling.RollingFileAppender">
        <file>${LOG_DIR}/${LOG_FILEPREFIX}_app.log</file>
        <rollingPolicy class="ch.qos.logback.core.rolling.TimeBasedRollingPolicy">
            <fileNamePattern>${LOG_DIR}/${LOG_FILEPREFIX}_app_%d{@pasrau.log.rollingDatePattern@}.log</fileNamePattern>
            <maxHistory>@pasrau.log.maxHistory@</maxHistory>
        </rollingPolicy>
        <encoder>
            <pattern>%-5level|%d{HH:mm:ss.SSS}|%-15thread|%logger{50}|%msg%n</pattern>
        </encoder>
    </appender>

    <appender name="APP_FILE" class="ch.qos.logback.core.rolling.RollingFileAppender">
        <file>${LOG_DIR}/${LOG_FILEPREFIX}_app.log</file>
    </appender>

    <logger name="org.springframework" level="@pasrau.log.level.fwk@" additivity="false">
        <appender-ref ref="STD_OUT" />
        <appender-ref ref="APP_FILE" />
    </logger>
    <logger name="org.hibernate" level="@pasrau.log.level.jpa@" additivity="false">
        <appender-ref ref="APP_FILE" />
    </logger>
    <logger name="com.groupama.spares" level="@pasrau.log.level.fwk@" additivity="false">
        <appender-ref ref="STD_OUT" />
        <appender-ref ref="APP_FILE" />
    </logger>
    <logger name="com.groupama.pasrau" level="@pasrau.log.level.app@" additivity="false">
        <appender-ref ref="STD_OUT" />
        <appender-ref ref="APP_FILE" />
    </logger>

    <root level="ERROR" additivity="false">
        <appender-ref ref="STD_OUT" />
        <appender-ref ref="APP_FILE" />
    </root>
</configuration>
